Metric,Value
Accuracy,0.6830985915492958
Recall,0.7652582159624414
Precision,0.657258064516129
TP,163.0
FP,85.0
TN,128.0
FN,50.0
