Metric,Value
Accuracy,0.6525821596244131
Recall,0.7136150234741784
Precision,0.6359832635983264
F1 Score,0.672566371681416
TP,152.0
FP,87.0
TN,126.0
FN,61.0
