max_depth,mean_auc,std_auc
1,0.6103516659494276,0.028339413726136596
2,0.6775649595244889,0.029750677646387464
3,0.6962894072014898,0.04587219528655157
4,0.703224565615737,0.0345916726807718
5,0.7062633098819284,0.025406648886928573
6,0.7091816247309939,0.026220348143723437
7,0.688829427192984,0.02127538234984065
8,0.6743176175359259,0.02583964510873647
9,0.6571832772491636,0.02211158270902265
10,0.636696860071353,0.02351265312660669
