max_depth,mean_auc,std_auc
1,0.5963930713783009,0.0155104061775269
2,0.6618678606806605,0.01618325043414403
3,0.6972483816025278,0.010908901786701845
4,0.7071352207282553,0.01584232472597021
5,0.7152506999602972,0.015199128244948833
6,0.7067460383886834,0.012058457151416034
7,0.6915898195760113,0.016617256118417464
8,0.6741922740143483,0.015814227256528975
9,0.66230619669387,0.03183756142990102
10,0.6529898892627429,0.02501017477920794
