max_depth,mean_auc,std_auc
1,0.6091771844633603,0.022798753746723303
2,0.6632810630944799,0.013039736846215273
3,0.6942889542792468,0.007743202798383794
4,0.7128913774242018,0.017997724217057434
5,0.6973497437562085,0.01814737233168592
6,0.6864312080093214,0.022364652113035927
7,0.6793360767378405,0.02393346246130283
8,0.6486369266816592,0.02417032021722337
9,0.637053256483387,0.027504955570146466
10,0.6210702524558561,0.025862272370524658
