max_depth,mean_auc,std_auc
1,0.5918615275355317,0.026737671138942123
2,0.6692931926941567,0.03399413250492602
3,0.709907919406584,0.02091582925411009
4,0.7221630433517167,0.027163149467041563
5,0.7277183568612395,0.03566038823370506
6,0.7237994391089033,0.038732254812571434
7,0.699449963510804,0.03580171527236738
8,0.6746884239360392,0.026873711368622374
9,0.6754276106780707,0.035360279709418296
10,0.6599069134898081,0.03643479762774124
