Metric,Value
Accuracy,0.697560975609756
Recall,0.7066666666666667
Precision,0.7327188940092166
F1 Score,0.7194570135746606
TP,159.0
FP,58.0
TN,127.0
FN,66.0
