group,model,n,accuracy,recall,precision,f1,auc
low,baseline,213,0.6713615023474179,0.7789473684210526,0.6016260162601627,0.6788990825688074,0.7163693131132918
low,extended,222,0.7072072072072072,0.6984126984126984,0.7652173913043478,0.7302904564315352,0.7236689814814815
high,baseline,213,0.6948356807511737,0.7542372881355932,0.712,0.7325102880658436,0.723015165031222
high,extended,188,0.6861702127659575,0.7171717171717171,0.696078431372549,0.7064676616915423,0.7499148791283623
